Name,Volume,Ask Size,Ask Price,Bid Size,Bid Price,Last Price,Shares Matched,Shares Routed
IRCTC,Volume,Ask Size,Ask Price,Bid Size,Bid Price,Last Price,Shares Matched,Shares Routed
CBOE,14500,0,0.00,0,0.00,123.65,14500,0
BBJP,14200,0,0.00,0,0.00,46.30,14200,0
BBEU,12500,0,0.00,0,0.00,47.29,12500,0
GOVT,11100,0,0.00,0,0.00,23.70,11100,0
AAAU,0,0,0.00,0,0.00,0.00,0,0
ACIO,0,0,0.00,0,0.00,0.00,0,0
ACSI,0,0,0.00,0,0.00,0.00,0,0
ACWV,0,0,0.00,0,0.00,0.00,0,0
ADFI,0,0,0.00,0,0.00,0.00,0,0
ADME,0,0,0.00,0,0.00,0.00,0,0
AESR,0,0,0.00,0,0.00,0.00,0,0
AFIF,0,0,0.00,0,0.00,0.00,0,0
AGT,0,0,0.00,0,0.00,0.00,0,0
ALFA,0,0,0.00,0,0.00,0.00,0,0
AMER,0,0,0.00,0,0.00,0.00,0,0
APRZ,0,0,0.00,0,0.00,0.00,0,0
APXH,0,0,0.00,0,0.00,0.00,0,0
ARCM,0,0,0.00,0,0.00,0.00,0,0
ARKG,0,0,0.00,0,0.00,0.00,0,0
ARKQ,0,0,0.00,0,0.00,0.00,0,0
ARKX,0,0,0.00,0,0.00,0.00,0,0
ATMP,0,0,0.00,0,0.00,0.00,0,0
AUGZ,0,0,0.00,0,0.00,0.00,0,0
BALT,0,0,0.00,0,0.00,0.00,0,0
BAPR,0,0,0.00,0,0.00,0.00,0,0
BAUG,0,0,0.00,0,0.00,0.00,0,0
BBAX,0,0,0.00,0,0.00,0.00,0,0
BBCA,0,0,0.00,0,0.00,0.00,0,0
BBIN,0,0,0.00,0,0.00,0.00,0,0
BBRE,0,0,0.00,0,0.00,0.00,0,0
BBSA,0,0,0.00,0,0.00,0.00,0,0
BBUS,0,0,0.00,0,0.00,0.00,0,0
BDEC,0,0,0.00,0,0.00,0.00,0,0
BFEB,0,0,0.00,0,0.00,0.00,0,0
BGLD,0,0,0.00,0,0.00,0.00,0,0
BJAN,0,0,0.00,0,0.00,0.00,0,0
BJUL,0,0,0.00,0,0.00,0.00,0,0
BJUN,0,0,0.00,0,0.00,0.00,0,0
BLDG,0,0,0.00,0,0.00,0.00,0,0
BLKC,0,0,0.00,0,0.00,0.00,0,0
BMAR,0,0,0.00,0,0.00,0.00,0,0
BMAY,0,0,0.00,0,0.00,0.00,0,0
BNOV,0,0,0.00,0,0.00,0.00,0,0
BOB,0,0,0.00,0,0.00,0.00,0,0
BOCT,0,0,0.00,0,0.00,0.00,0,0
BOSS,0,0,0.00,0,0.00,0.00,0,0
BSEP,0,0,0.00,0,0.00,0.00,0,0
BUFB,0,0,0.00,0,0.00,0.00,0,0
BUFD,0,0,0.00,0,0.00,0.00,0,0
BUFF,0,0,0.00,0,0.00,0.00,0,0
BUFG,0,0,0.00,0,0.00,0.00,0,0
BUFQ,0,0,0.00,0,0.00,0.00,0,0
BUFR,0,0,0.00,0,0.00,0.00,0,0
BUFT,0,0,0.00,0,0.00,0.00,0,0
BUYZ,0,0,0.00,0,0.00,0.00,0,0
CALF,0,0,0.00,0,0.00,0.00,0,0
CEFS,0,0,0.00,0,0.00,0.00,0,0
CEMB,0,0,0.00,0,0.00,0.00,0,0
CFCV,0,0,0.00,0,0.00,0.00,0,0
CLSE,0,0,0.00,0,0.00,0.00,0,0
CNYA,0,0,0.00,0,0.00,0.00,0,0
COWZ,0,0,0.00,0,0.00,0.00,0,0
CSM,0,0,0.00,0,0.00,0.00,0,0
CVAR,0,0,0.00,0,0.00,0.00,0,0
DALT,0,0,0.00,0,0.00,0.00,0,0
DAPR,0,0,0.00,0,0.00,0.00,0,0
DAUG,0,0,0.00,0,0.00,0.00,0,0
DBJA,0,0,0.00,0,0.00,0.00,0,0
DBOC,0,0,0.00,0,0.00,0.00,0,0
DDEC,0,0,0.00,0,0.00,0.00,0,0
DDLS,0,0,0.00,0,0.00,0.00,0,0
DDWM,0,0,0.00,0,0.00,0.00,0,0
DECZ,0,0,0.00,0,0.00,0.00,0,0
DFEB,0,0,0.00,0,0.00,0.00,0,0
DFHY,0,0,0.00,0,0.00,0.00,0,0
DFIC,0,0,0.00,0,0.00,0.00,0,0
DFIS,0,0,0.00,0,0.00,0.00,0,0
DFND,0,0,0.00,0,0.00,0.00,0,0
DFNL,0,0,0.00,0,0.00,0.00,0,0
DFNV,0,0,0.00,0,0.00,0.00,0,0
DFRA,0,0,0.00,0,0.00,0.00,0,0
DIHP,0,0,0.00,0,0.00,0.00,0,0
DINT,0,0,0.00,0,0.00,0.00,0,0
DISV,0,0,0.00,0,0.00,0.00,0,0
DIVB,0,0,0.00,0,0.00,0.00,0,0
DJAN,0,0,0.00,0,0.00,0.00,0,0
DJUL,0,0,0.00,0,0.00,0.00,0,0
DJUN,0,0,0.00,0,0.00,0.00,0,0
DMAR,0,0,0.00,0,0.00,0.00,0,0
DMAY,0,0,0.00,0,0.00,0.00,0,0
DNOV,0,0,0.00,0,0.00,0.00,0,0
DOCT,0,0,0.00,0,0.00,0.00,0,0
DRSK,0,0,0.00,0,0.00,0.00,0,0
DSEP,0,0,0.00,0,0.00,0.00,0,0
DSJA,0,0,0.00,0,0.00,0.00,0,0
DSOC,0,0,0.00,0,0.00,0.00,0,0
DUDE,0,0,0.00,0,0.00,0.00,0,0
DURA,0,0,0.00,0,0.00,0.00,0,0
DUSA,0,0,0.00,0,0.00,0.00,0,0
DWLD,0,0,0.00,0,0.00,0.00,0,0
EAOA,0,0,0.00,0,0.00,0.00,0,0
EAOK,0,0,0.00,0,0.00,0.00,0,0
EAOM,0,0,0.00,0,0.00,0.00,0,0
EAOR,0,0,0.00,0,0.00,0.00,0,0
ECH,0,0,0.00,0,0.00,0.00,0,0
EDEN,0,0,0.00,0,0.00,0.00,0,0
EEMV,0,0,0.00,0,0.00,0.00,0,0
EFAD,0,0,0.00,0,0.00,0.00,0,0
EFAV,0,0,0.00,0,0.00,0.00,0,0
EFG,0,0,0.00,0,0.00,0.00,0,0
EFNL,0,0,0.00,0,0.00,0.00,0,0
EFV,0,0,0.00,0,0.00,0.00,0,0
EGIS,0,0,0.00,0,0.00,0.00,0,0
EMDV,0,0,0.00,0,0.00,0.00,0,0
EMGF,0,0,0.00,0,0.00,0.00,0,0
EMHY,0,0,0.00,0,0.00,0.00,0,0
EMTL,0,0,0.00,0,0.00,0.00,0,0
ENOR,0,0,0.00,0,0.00,0.00,0,0
EOPS,0,0,0.00,0,0.00,0.00,0,0
EPRF,0,0,0.00,0,0.00,0.00,0,0
ESCR,0,0,0.00,0,0.00,0.00,0,0
ESEB,0,0,0.00,0,0.00,0.00,0,0
ESG,0,0,0.00,0,0.00,0.00,0,0
ESGG,0,0,0.00,0,0.00,0.00,0,0
ESGV,0,0,0.00,0,0.00,0.00,0,0
ESHY,0,0,0.00,0,0.00,0.00,0,0
ESML,0,0,0.00,0,0.00,0.00,0,0
EUDV,0,0,0.00,0,0.00,0.00,0,0
EWGS,0,0,0.00,0,0.00,0.00,0,0
EWUS,0,0,0.00,0,0.00,0.00,0,0
EYLD,0,0,0.00,0,0.00,0.00,0,0
EZU,0,0,0.00,0,0.00,0.00,0,0
FAIL,0,0,0.00,0,0.00,0.00,0,0
FAPR,0,0,0.00,0,0.00,0.00,0,0
FAUG,0,0,0.00,0,0.00,0.00,0,0
FBCG,0,0,0.00,0,0.00,0.00,0,0
FBCV,0,0,0.00,0,0.00,0.00,0,0
FCLD,0,0,0.00,0,0.00,0.00,0,0
FCPI,0,0,0.00,0,0.00,0.00,0,0
FCTR,0,0,0.00,0,0.00,0.00,0,0
FDEC,0,0,0.00,0,0.00,0.00,0,0
FDEM,0,0,0.00,0,0.00,0.00,0,0
FDEV,0,0,0.00,0,0.00,0.00,0,0
FDG,0,0,0.00,0,0.00,0.00,0,0
FDHT,0,0,0.00,0,0.00,0.00,0,0
FDRV,0,0,0.00,0,0.00,0.00,0,0
FEBZ,0,0,0.00,0,0.00,0.00,0,0
FEDX,0,0,0.00,0,0.00,0.00,0,0
FFEB,0,0,0.00,0,0.00,0.00,0,0
FFHG,0,0,0.00,0,0.00,0.00,0,0
FFSG,0,0,0.00,0,0.00,0.00,0,0
FFTG,0,0,0.00,0,0.00,0.00,0,0
FFTI,0,0,0.00,0,0.00,0.00,0,0
FGRO,0,0,0.00,0,0.00,0.00,0,0
FIBR,0,0,0.00,0,0.00,0.00,0,0
FJAN,0,0,0.00,0,0.00,0.00,0,0
FJUL,0,0,0.00,0,0.00,0.00,0,0
FJUN,0,0,0.00,0,0.00,0.00,0,0
FLBL,0,0,0.00,0,0.00,0.00,0,0
FLDR,0,0,0.00,0,0.00,0.00,0,0
FLHY,0,0,0.00,0,0.00,0.00,0,0
FLIA,0,0,0.00,0,0.00,0.00,0,0
FLOT,0,0,0.00,0,0.00,0.00,0,0
FLQL,0,0,0.00,0,0.00,0.00,0,0
FLQM,0,0,0.00,0,0.00,0.00,0,0
FLQS,0,0,0.00,0,0.00,0.00,0,0
FLTN,0,0,0.00,0,0.00,0.00,0,0
FLV,0,0,0.00,0,0.00,0.00,0,0
FMAG,0,0,0.00,0,0.00,0.00,0,0
FMAR,0,0,0.00,0,0.00,0.00,0,0
FMAY,0,0,0.00,0,0.00,0.00,0,0
FMIL,0,0,0.00,0,0.00,0.00,0,0
FNOV,0,0,0.00,0,0.00,0.00,0,0
FOCT,0,0,0.00,0,0.00,0.00,0,0
FOMO,0,0,0.00,0,0.00,0.00,0,0
FPAG,0,0,0.00,0,0.00,0.00,0,0
FPFD,0,0,0.00,0,0.00,0.00,0,0
FPRO,0,0,0.00,0,0.00,0.00,0,0
FRDM,0,0,0.00,0,0.00,0.00,0,0
FRNW,0,0,0.00,0,0.00,0.00,0,0
FSEP,0,0,0.00,0,0.00,0.00,0,0
FSMO,0,0,0.00,0,0.00,0.00,0,0
FUNL,0,0,0.00,0,0.00,0.00,0,0
FYLD,0,0,0.00,0,0.00,0.00,0,0
GAA,0,0,0.00,0,0.00,0.00,0,0
GCLN,0,0,0.00,0,0.00,0.00,0,0
GCOW,0,0,0.00,0,0.00,0.00,0,0
GDE,0,0,0.00,0,0.00,0.00,0,0
GDMN,0,0,0.00,0,0.00,0.00,0,0
GEMD,0,0,0.00,0,0.00,0.00,0,0
GHTA,0,0,0.00,0,0.00,0.00,0,0
GHYG,0,0,0.00,0,0.00,0.00,0,0
GLDB,0,0,0.00,0,0.00,0.00,0,0
GLOV,0,0,0.00,0,0.00,0.00,0,0
GMOM,0,0,0.00,0,0.00,0.00,0,0
GOVZ,0,0,0.00,0,0.00,0.00,0,0
GPAL,0,0,0.00,0,0.00,0.00,0,0
GSEE,0,0,0.00,0,0.00,0.00,0,0
GSEW,0,0,0.00,0,0.00,0.00,0,0
GSID,0,0,0.00,0,0.00,0.00,0,0
GSST,0,0,0.00,0,0.00,0.00,0,0
GSUS,0,0,0.00,0,0.00,0.00,0,0
GTIP,0,0,0.00,0,0.00,0.00,0,0
GVAL,0,0,0.00,0,0.00,0.00,0,0
GVI,0,0,0.00,0,0.00,0.00,0,0
HAUS,0,0,0.00,0,0.00,0.00,0,0
HCRB,0,0,0.00,0,0.00,0.00,0,0
HEEM,0,0,0.00,0,0.00,0.00,0,0
HEET,0,0,0.00,0,0.00,0.00,0,0
HEFA,0,0,0.00,0,0.00,0.00,0,0
HEGD,0,0,0.00,0,0.00,0.00,0,0
HELX,0,0,0.00,0,0.00,0.00,0,0
HFGO,0,0,0.00,0,0.00,0.00,0,0
HSRT,0,0,0.00,0,0.00,0.00,0,0
HSUN,0,0,0.00,0,0.00,0.00,0,0
HYBL,0,0,0.00,0,0.00,0.00,0,0
HYD,0,0,0.00,0,0.00,0.00,0,0
HYDB,0,0,0.00,0,0.00,0.00,0,0
HYGW,0,0,0.00,0,0.00,0.00,0,0
HYHG,0,0,0.00,0,0.00,0.00,0,0
HYIN,0,0,0.00,0,0.00,0.00,0,0
HYMU,0,0,0.00,0,0.00,0.00,0,0
HYXU,0,0,0.00,0,0.00,0.00,0,0
IAGG,0,0,0.00,0,0.00,0.00,0,0
IAUF,0,0,0.00,0,0.00,0.00,0,0
IBHB,0,0,0.00,0,0.00,0.00,0,0
IBHC,0,0,0.00,0,0.00,0.00,0,0
IBHD,0,0,0.00,0,0.00,0.00,0,0
IBHE,0,0,0.00,0,0.00,0.00,0,0
IBHF,0,0,0.00,0,0.00,0.00,0,0
IBHG,0,0,0.00,0,0.00,0.00,0,0
IBHH,0,0,0.00,0,0.00,0.00,0,0
IBHI,0,0,0.00,0,0.00,0.00,0,0
IBML,0,0,0.00,0,0.00,0.00,0,0
IBMM,0,0,0.00,0,0.00,0.00,0,0
IBMN,0,0,0.00,0,0.00,0.00,0,0
IBMO,0,0,0.00,0,0.00,0.00,0,0
IBMP,0,0,0.00,0,0.00,0.00,0,0
IBMQ,0,0,0.00,0,0.00,0.00,0,0
ICF,0,0,0.00,0,0.00,0.00,0,0
ICOW,0,0,0.00,0,0.00,0.00,0,0
ICSH,0,0,0.00,0,0.00,0.00,0,0
ICVT,0,0,0.00,0,0.00,0.00,0,0
IDHD,0,0,0.00,0,0.00,0.00,0,0
IDME,0,0,0.00,0,0.00,0.00,0,0
IDV,0,0,0.00,0,0.00,0.00,0,0
IECS,0,0,0.00,0,0.00,0.00,0,0
IEDI,0,0,0.00,0,0.00,0.00,0,0
IEFA,0,0,0.00,0,0.00,0.00,0,0
IEFN,0,0,0.00,0,0.00,0.00,0,0
IEHS,0,0,0.00,0,0.00,0.00,0,0
IEIH,0,0,0.00,0,0.00,0.00,0,0
IEME,0,0,0.00,0,0.00,0.00,0,0
IEO,0,0,0.00,0,0.00,0.00,0,0
IETC,0,0,0.00,0,0.00,0.00,0,0
IFRA,0,0,0.00,0,0.00,0.00,0,0
IGE,0,0,0.00,0,0.00,0.00,0,0
IGEB,0,0,0.00,0,0.00,0.00,0,0
IGHG,0,0,0.00,0,0.00,0.00,0,0
IGLD,0,0,0.00,0,0.00,0.00,0,0
IGRO,0,0,0.00,0,0.00,0.00,0,0
IGV,0,0,0.00,0,0.00,0.00,0,0
IMFL,0,0,0.00,0,0.00,0.00,0,0
IMLP,0,0,0.00,0,0.00,0.00,0,0
IMOM,0,0,0.00,0,0.00,0.00,0,0
INDA,0,0,0.00,0,0.00,0.00,0,0
IPDP,0,0,0.00,0,0.00,0.00,0,0
IPPP,0,0,0.00,0,0.00,0.00,0,0
IQDG,0,0,0.00,0,0.00,0.00,0,0
IQM,0,0,0.00,0,0.00,0.00,0,0
ISVL,0,0,0.00,0,0.00,0.00,0,0
ITA,0,0,0.00,0,0.00,0.00,0,0
ITB,0,0,0.00,0,0.00,0.00,0,0
ITM,0,0,0.00,0,0.00,0.00,0,0
IVAL,0,0,0.00,0,0.00,0.00,0,0
IVDG,0,0,0.00,0,0.00,0.00,0,0
IVLC,0,0,0.00,0,0.00,0.00,0,0
IVRA,0,0,0.00,0,0.00,0.00,0,0
IVSG,0,0,0.00,0,0.00,0.00,0,0
IYJ,0,0,0.00,0,0.00,0.00,0,0
IYLD,0,0,0.00,0,0.00,0.00,0,0
IYT,0,0,0.00,0,0.00,0.00,0,0
IYZ,0,0,0.00,0,0.00,0.00,0,0
IZRL,0,0,0.00,0,0.00,0.00,0,0
JANZ,0,0,0.00,0,0.00,0.00,0,0
JBBB,0,0,0.00,0,0.00,0.00,0,0
JCPB,0,0,0.00,0,0.00,0.00,0,0
JCPI,0,0,0.00,0,0.00,0.00,0,0
JEMA,0,0,0.00,0,0.00,0.00,0,0
JMST,0,0,0.00,0,0.00,0.00,0,0
JMUB,0,0,0.00,0,0.00,0.00,0,0
JPHY,0,0,0.00,0,0.00,0.00,0,0
JPIB,0,0,0.00,0,0.00,0.00,0,0
JPST,0,0,0.00,0,0.00,0.00,0,0
JULZ,0,0,0.00,0,0.00,0.00,0,0
JUNZ,0,0,0.00,0,0.00,0.00,0,0
KAPR,0,0,0.00,0,0.00,0.00,0,0
KJAN,0,0,0.00,0,0.00,0.00,0,0
KJUL,0,0,0.00,0,0.00,0.00,0,0
KNG,0,0,0.00,0,0.00,0.00,0,0
KNGS,0,0,0.00,0,0.00,0.00,0,0
KOCT,0,0,0.00,0,0.00,0.00,0,0
KWT,0,0,0.00,0,0.00,0.00,0,0
LCF,0,0,0.00,0,0.00,0.00,0,0
LEAD,0,0,0.00,0,0.00,0.00,0,0
LIV,0,0,0.00,0,0.00,0.00,0,0
LKOR,0,0,0.00,0,0.00,0.00,0,0
LQDI,0,0,0.00,0,0.00,0.00,0,0
LQDW,0,0,0.00,0,0.00,0.00,0,0
LUXE,0,0,0.00,0,0.00,0.00,0,0
LVHI,0,0,0.00,0,0.00,0.00,0,0
LYFE,0,0,0.00,0,0.00,0.00,0,0
MAAX,0,0,0.00,0,0.00,0.00,0,0
MAGA,0,0,0.00,0,0.00,0.00,0,0
MAMB,0,0,0.00,0,0.00,0.00,0,0
MARZ,0,0,0.00,0,0.00,0.00,0,0
MAYZ,0,0,0.00,0,0.00,0.00,0,0
MBBB,0,0,0.00,0,0.00,0.00,0,0
MBCC,0,0,0.00,0,0.00,0.00,0,0
MBND,0,0,0.00,0,0.00,0.00,0,0
MBNE,0,0,0.00,0,0.00,0.00,0,0
MDEV,0,0,0.00,0,0.00,0.00,0,0
MEAR,0,0,0.00,0,0.00,0.00,0,0
MFUL,0,0,0.00,0,0.00,0.00,0,0
MIG,0,0,0.00,0,0.00,0.00,0,0
MINN,0,0,0.00,0,0.00,0.00,0,0
MLN,0,0,0.00,0,0.00,0.00,0,0
MOAT,0,0,0.00,0,0.00,0.00,0,0
MOHR,0,0,0.00,0,0.00,0.00,0,0
MOTE,0,0,0.00,0,0.00,0.00,0,0
MOTG,0,0,0.00,0,0.00,0.00,0,0
MOTI,0,0,0.00,0,0.00,0.00,0,0
MPRO,0,0,0.00,0,0.00,0.00,0,0
MRGR,0,0,0.00,0,0.00,0.00,0,0
MRSK,0,0,0.00,0,0.00,0.00,0,0
MSMR,0,0,0.00,0,0.00,0.00,0,0
MSTB,0,0,0.00,0,0.00,0.00,0,0
MSTQ,0,0,0.00,0,0.00,0.00,0,0
MSVX,0,0,0.00,0,0.00,0.00,0,0
MTUM,0,0,0.00,0,0.00,0.00,0,0
NAPR,0,0,0.00,0,0.00,0.00,0,0
NEAR,0,0,0.00,0,0.00,0.00,0,0
NETZ,0,0,0.00,0,0.00,0.00,0,0
NJAN,0,0,0.00,0,0.00,0.00,0,0
NJUL,0,0,0.00,0,0.00,0.00,0,0
NOBL,0,0,0.00,0,0.00,0.00,0,0
NOCT,0,0,0.00,0,0.00,0.00,0,0
NOVZ,0,0,0.00,0,0.00,0.00,0,0
NUDM,0,0,0.00,0,0.00,0.00,0,0
NUDV,0,0,0.00,0,0.00,0.00,0,0
NUEM,0,0,0.00,0,0.00,0.00,0,0
NULC,0,0,0.00,0,0.00,0.00,0,0
NULG,0,0,0.00,0,0.00,0.00,0,0
NULV,0,0,0.00,0,0.00,0.00,0,0
NUMG,0,0,0.00,0,0.00,0.00,0,0
NUMV,0,0,0.00,0,0.00,0.00,0,0
NURE,0,0,0.00,0,0.00,0.00,0,0
NUSC,0,0,0.00,0,0.00,0.00,0,0
OBND,0,0,0.00,0,0.00,0.00,0,0
OCTZ,0,0,0.00,0,0.00,0.00,0,0
OEUR,0,0,0.00,0,0.00,0.00,0,0
OGIG,0,0,0.00,0,0.00,0.00,0,0
OILK,0,0,0.00,0,0.00,0.00,0,0
OMFL,0,0,0.00,0,0.00,0.00,0,0
OMFS,0,0,0.00,0,0.00,0.00,0,0
OSCV,0,0,0.00,0,0.00,0.00,0,0
OUSA,0,0,0.00,0,0.00,0.00,0,0
OUSM,0,0,0.00,0,0.00,0.00,0,0
PAPR,0,0,0.00,0,0.00,0.00,0,0
PAUG,0,0,0.00,0,0.00,0.00,0,0
PAVE,0,0,0.00,0,0.00,0.00,0,0
PAWZ,0,0,0.00,0,0.00,0.00,0,0
PBDM,0,0,0.00,0,0.00,0.00,0,0
PBEE,0,0,0.00,0,0.00,0.00,0,0
PBND,0,0,0.00,0,0.00,0.00,0,0
PBSM,0,0,0.00,0,0.00,0.00,0,0
PBTP,0,0,0.00,0,0.00,0.00,0,0
PBUS,0,0,0.00,0,0.00,0.00,0,0
PDEC,0,0,0.00,0,0.00,0.00,0,0
PEX,0,0,0.00,0,0.00,0.00,0,0
PFEB,0,0,0.00,0,0.00,0.00,0,0
PICK,0,0,0.00,0,0.00,0.00,0,0
PJAN,0,0,0.00,0,0.00,0.00,0,0
PJUL,0,0,0.00,0,0.00,0.00,0,0
PJUN,0,0,0.00,0,0.00,0.00,0,0
PLRG,0,0,0.00,0,0.00,0.00,0,0
PLTL,0,0,0.00,0,0.00,0.00,0,0
PMAR,0,0,0.00,0,0.00,0.00,0,0
PMAY,0,0,0.00,0,0.00,0.00,0,0
PNOV,0,0,0.00,0,0.00,0.00,0,0
POCT,0,0,0.00,0,0.00,0.00,0,0
PRNT,0,0,0.00,0,0.00,0.00,0,0
PSCJ,0,0,0.00,0,0.00,0.00,0,0
PSCQ,0,0,0.00,0,0.00,0.00,0,0
PSCW,0,0,0.00,0,0.00,0.00,0,0
PSCX,0,0,0.00,0,0.00,0.00,0,0
PSEP,0,0,0.00,0,0.00,0.00,0,0
PSFD,0,0,0.00,0,0.00,0.00,0,0
PSFF,0,0,0.00,0,0.00,0.00,0,0
PSFJ,0,0,0.00,0,0.00,0.00,0,0
PSFM,0,0,0.00,0,0.00,0.00,0,0
PSFO,0,0,0.00,0,0.00,0.00,0,0
PSMB,0,0,0.00,0,0.00,0.00,0,0
PSMC,0,0,0.00,0,0.00,0.00,0,0
PSMD,0,0,0.00,0,0.00,0.00,0,0
PSMG,0,0,0.00,0,0.00,0.00,0,0
PSMJ,0,0,0.00,0,0.00,0.00,0,0
PSMM,0,0,0.00,0,0.00,0.00,0,0
PSMO,0,0,0.00,0,0.00,0.00,0,0
PSMR,0,0,0.00,0,0.00,0.00,0,0
PTEU,0,0,0.00,0,0.00,0.00,0,0
PTLC,0,0,0.00,0,0.00,0.00,0,0
PTMC,0,0,0.00,0,0.00,0.00,0,0
PTNQ,0,0,0.00,0,0.00,0.00,0,0
PUNK,0,0,0.00,0,0.00,0.00,0,0
PWS,0,0,0.00,0,0.00,0.00,0,0
PXUS,0,0,0.00,0,0.00,0.00,0,0
QCON,0,0,0.00,0,0.00,0.00,0,0
QDEC,0,0,0.00,0,0.00,0.00,0,0
QJUN,0,0,0.00,0,0.00,0.00,0,0
QLC,0,0,0.00,0,0.00,0.00,0,0
QMAR,0,0,0.00,0,0.00,0.00,0,0
QMOM,0,0,0.00,0,0.00,0.00,0,0
QPFF,0,0,0.00,0,0.00,0.00,0,0
QSPT,0,0,0.00,0,0.00,0.00,0,0
QTAP,0,0,0.00,0,0.00,0.00,0,0
QTJA,0,0,0.00,0,0.00,0.00,0,0
QTJL,0,0,0.00,0,0.00,0.00,0,0
QTOC,0,0,0.00,0,0.00,0.00,0,0
QUAL,0,0,0.00,0,0.00,0.00,0,0
QVAL,0,0,0.00,0,0.00,0.00,0,0
RDFI,0,0,0.00,0,0.00,0.00,0,0
REC,0,0,0.00,0,0.00,0.00,0,0
REGL,0,0,0.00,0,0.00,0.00,0,0
REM,0,0,0.00,0,0.00,0.00,0,0
RESD,0,0,0.00,0,0.00,0.00,0,0
RESE,0,0,0.00,0,0.00,0.00,0,0
ROCI,0,0,0.00,0,0.00,0.00,0,0
RODE,0,0,0.00,0,0.00,0.00,0,0
RODI,0,0,0.00,0,0.00,0.00,0,0
ROMO,0,0,0.00,0,0.00,0.00,0,0
RPHS,0,0,0.00,0,0.00,0.00,0,0
RSEE,0,0,0.00,0,0.00,0.00,0,0
RSX,0,0,0.00,0,0.00,0.00,0,0
RSXJ,0,0,0.00,0,0.00,0.00,0,0
RTAI,0,0,0.00,0,0.00,0.00,0,0
RULE,0,0,0.00,0,0.00,0.00,0,0
SATO,0,0,0.00,0,0.00,0.00,0,0
SECT,0,0,0.00,0,0.00,0.00,0,0
SEIM,0,0,0.00,0,0.00,0.00,0,0
SEIQ,0,0,0.00,0,0.00,0.00,0,0
SEIV,0,0,0.00,0,0.00,0.00,0,0
SELV,0,0,0.00,0,0.00,0.00,0,0
SEPZ,0,0,0.00,0,0.00,0.00,0,0
SFIG,0,0,0.00,0,0.00,0.00,0,0
SHAG,0,0,0.00,0,0.00,0.00,0,0
SHYD,0,0,0.00,0,0.00,0.00,0,0
SLVP,0,0,0.00,0,0.00,0.00,0,0
SMB,0,0,0.00,0,0.00,0.00,0,0
SMDV,0,0,0.00,0,0.00,0.00,0,0
SMI,0,0,0.00,0,0.00,0.00,0,0
SMIN,0,0,0.00,0,0.00,0.00,0,0
SMMD,0,0,0.00,0,0.00,0.00,0,0
SMMV,0,0,0.00,0,0.00,0.00,0,0
SPMV,0,0,0.00,0,0.00,0.00,0,0
STLG,0,0,0.00,0,0.00,0.00,0,0
STLV,0,0,0.00,0,0.00,0.00,0,0
STOT,0,0,0.00,0,0.00,0.00,0,0
SVAL,0,0,0.00,0,0.00,0.00,0,0
SVIX,0,0,0.00,0,0.00,0.00,0,0
SVXY,0,0,0.00,0,0.00,0.00,0,0
SYLD,0,0,0.00,0,0.00,0.00,0,0
TAIL,0,0,0.00,0,0.00,0.00,0,0
TBJL,0,0,0.00,0,0.00,0.00,0,0
TCTL,0,0,0.00,0,0.00,0.00,0,0
TDV,0,0,0.00,0,0.00,0.00,0,0
TFJL,0,0,0.00,0,0.00,0.00,0,0
THY,0,0,0.00,0,0.00,0.00,0,0
TILT,0,0,0.00,0,0.00,0.00,0,0
TLTW,0,0,0.00,0,0.00,0.00,0,0
TMAT,0,0,0.00,0,0.00,0.00,0,0
TMDV,0,0,0.00,0,0.00,0.00,0,0
TMFC,0,0,0.00,0,0.00,0.00,0,0
TMFG,0,0,0.00,0,0.00,0.00,0,0
TMFM,0,0,0.00,0,0.00,0.00,0,0
TMFS,0,0,0.00,0,0.00,0.00,0,0
TOKE,0,0,0.00,0,0.00,0.00,0,0
TRTY,0,0,0.00,0,0.00,0.00,0,0
TSJA,0,0,0.00,0,0.00,0.00,0,0
TSLH,0,0,0.00,0,0.00,0.00,0,0
TSOC,0,0,0.00,0,0.00,0.00,0,0
TTAC,0,0,0.00,0,0.00,0.00,0,0
TTAI,0,0,0.00,0,0.00,0.00,0,0
TUSI,0,0,0.00,0,0.00,0.00,0,0
TYA,0,0,0.00,0,0.00,0.00,0,0
UAPR,0,0,0.00,0,0.00,0.00,0,0
UAUG,0,0,0.00,0,0.00,0.00,0,0
UDEC,0,0,0.00,0,0.00,0.00,0,0
UFEB,0,0,0.00,0,0.00,0.00,0,0
UJAN,0,0,0.00,0,0.00,0.00,0,0
UJUL,0,0,0.00,0,0.00,0.00,0,0
UJUN,0,0,0.00,0,0.00,0.00,0,0
UMAR,0,0,0.00,0,0.00,0.00,0,0
UMAY,0,0,0.00,0,0.00,0.00,0,0
UNOV,0,0,0.00,0,0.00,0.00,0,0
UOCT,0,0,0.00,0,0.00,0.00,0,0
USEP,0,0,0.00,0,0.00,0.00,0,0
USEQ,0,0,0.00,0,0.00,0.00,0,0
USHY,0,0,0.00,0,0.00,0.00,0,0
USMF,0,0,0.00,0,0.00,0.00,0,0
USMV,0,0,0.00,0,0.00,0.00,0,0
UVIX,0,0,0.00,0,0.00,0.00,0,0
UVXY,0,0,0.00,0,0.00,0.00,0,0
VAMO,0,0,0.00,0,0.00,0.00,0,0
VCEB,0,0,0.00,0,0.00,0.00,0,0
VFLQ,0,0,0.00,0,0.00,0.00,0,0
VFMF,0,0,0.00,0,0.00,0.00,0,0
VFMO,0,0,0.00,0,0.00,0.00,0,0
VFMV,0,0,0.00,0,0.00,0.00,0,0
VFQY,0,0,0.00,0,0.00,0.00,0,0
VFVA,0,0,0.00,0,0.00,0.00,0,0
VIRS,0,0,0.00,0,0.00,0.00,0,0
VIXM,0,0,0.00,0,0.00,0.00,0,0
VIXY,0,0,0.00,0,0.00,0.00,0,0
VLUE,0,0,0.00,0,0.00,0.00,0,0
VMAT,0,0,0.00,0,0.00,0.00,0,0
VMOT,0,0,0.00,0,0.00,0.00,0,0
VNM,0,0,0.00,0,0.00,0.00,0,0
VOTE,0,0,0.00,0,0.00,0.00,0,0
VSGX,0,0,0.00,0,0.00,0.00,0,0
VUSB,0,0,0.00,0,0.00,0.00,0,0
VWID,0,0,0.00,0,0.00,0.00,0,0
VXX,0,0,0.00,0,0.00,0.00,0,0
VXZ,0,0,0.00,0,0.00,0.00,0,0
WBAT,0,0,0.00,0,0.00,0.00,0,0
WDNA,0,0,0.00,0,0.00,0.00,0,0
WEED,0,0,0.00,0,0.00,0.00,0,0
WFHY,0,0,0.00,0,0.00,0.00,0,0
WFIG,0,0,0.00,0,0.00,0.00,0,0
WIL,0,0,0.00,0,0.00,0.00,0,0
WLDR,0,0,0.00,0,0.00,0.00,0,0
WTAI,0,0,0.00,0,0.00,0.00,0,0
WUGI,0,0,0.00,0,0.00,0.00,0,0
XBAP,0,0,0.00,0,0.00,0.00,0,0
XBJA,0,0,0.00,0,0.00,0.00,0,0
XBJL,0,0,0.00,0,0.00,0.00,0,0
XBOC,0,0,0.00,0,0.00,0.00,0,0
XBTF,0,0,0.00,0,0.00,0.00,0,0
XDAP,0,0,0.00,0,0.00,0.00,0,0
XDAT,0,0,0.00,0,0.00,0.00,0,0
XDEC,0,0,0.00,0,0.00,0.00,0,0
XDJA,0,0,0.00,0,0.00,0.00,0,0
XDJL,0,0,0.00,0,0.00,0.00,0,0
XDOC,0,0,0.00,0,0.00,0.00,0,0
XDQQ,0,0,0.00,0,0.00,0.00,0,0
XDSQ,0,0,0.00,0,0.00,0.00,0,0
XEMD,0,0,0.00,0,0.00,0.00,0,0
XJH,0,0,0.00,0,0.00,0.00,0,0
XJR,0,0,0.00,0,0.00,0.00,0,0
XJUN,0,0,0.00,0,0.00,0.00,0,0
XMPT,0,0,0.00,0,0.00,0.00,0,0
XSHD,0,0,0.00,0,0.00,0.00,0,0
XSHQ,0,0,0.00,0,0.00,0.00,0,0
XTAP,0,0,0.00,0,0.00,0.00,0,0
XTJA,0,0,0.00,0,0.00,0.00,0,0
XTJL,0,0,0.00,0,0.00,0.00,0,0
XTOC,0,0,0.00,0,0.00,0.00,0,0
XUSP,0,0,0.00,0,0.00,0.00,0,0
XVOL,0,0,0.00,0,0.00,0.00,0,0
XVV,0,0,0.00,0,0.00,0.00,0,0
YDEC,0,0,0.00,0,0.00,0.00,0,0
YJUN,0,0,0.00,0,0.00,0.00,0,0
YMAR,0,0,0.00,0,0.00,0.00,0,0
YPS,0,0,0.00,0,0.00,0.00,0,0
YSEP,0,0,0.00,0,0.00,0.00,0,0
ZECP,0,0,0.00,0,0.00,0.00,0,0